[{"idx":0,"loyalty":"Accor (Live Limitless)","category":"airline","current_price":"15.59","current_bonus":0,"avg_6_entries":"15.5900000000000000","avg_12_entries":"15.5900000000000000","avg_24_entries":"15.5900000000000000","percent_change_6_entries":"0.00000000000000000000","percent_change_12_entries":"0.00000000000000000000","percent_change_24_entries":"0.00000000000000000000","price_status":"Average"},{"idx":1,"loyalty":"Aer Lingus (Avios)","category":"airline","current_price":"16.40","current_bonus":40,"avg_6_entries":"15.5166666666666667","avg_12_entries":"14.1750000000000000","avg_24_entries":"14.2041666666666667","percent_change_6_entries":"5.69280343716433919300","percent_change_12_entries":"15.69664902998236331600","percent_change_24_entries":"15.45907890877090028600","price_status":"Above Average"},{"idx":2,"loyalty":"Air Canada (Aeroplan)","category":"airline","current_price":"15.10","current_bonus":80,"avg_6_entries":"15.3416666666666667","avg_12_entries":"14.6041666666666667","avg_24_entries":"14.2937500000000000","percent_change_6_entries":"-1.57523085279739293500","percent_change_12_entries":"3.39514978601997123300","percent_change_24_entries":"5.64057717533887188500","price_status":"Above Average"},{"idx":3,"loyalty":"Air Europa (SUMA)","category":"airline","current_price":"23.94","current_bonus":0,"avg_6_entries":"20.0950000000000000","avg_12_entries":"20.0950000000000000","avg_24_entries":"20.0950000000000000","percent_change_6_entries":"19.13411296342373724800","percent_change_12_entries":"19.13411296342373724800","percent_change_24_entries":"19.13411296342373724800","price_status":"Above Average"},{"idx":4,"loyalty":"Air France / KLM (Flying Blue)","category":"airline","current_price":"16.80","current_bonus":45,"avg_6_entries":"16.9833333333333333","avg_12_entries":"17.5250000000000000","avg_24_entries":"16.5291666666666667","percent_change_6_entries":"-1.07948969578017645000","percent_change_12_entries":"-4.13694721825962910100","percent_change_24_entries":"1.63851777161583039800","price_status":"Below Average"},{"idx":5,"loyalty":"Alaska Airlines (Mileage Plan)","category":"airline","current_price":"18.50","current_bonus":60,"avg_6_entries":"18.7000000000000000","avg_12_entries":"18.6916666666666667","avg_24_entries":"18.6958333333333333","percent_change_6_entries":"-1.06951871657754010700","percent_change_12_entries":"-1.02541239411502469700","percent_change_24_entries":"-1.04747047024738114700","price_status":"Below Average"},{"idx":6,"loyalty":"American Airlines (AAdvantage)","category":"airline","current_price":"24.46","current_bonus":35,"avg_6_entries":"21.9600000000000000","avg_12_entries":"20.7216666666666667","avg_24_entries":"20.6941666666666667","percent_change_6_entries":"11.38433515482695810600","percent_change_12_entries":"18.04069814204134140100","percent_change_24_entries":"18.19755969878790300300","price_status":"Above Average"},{"idx":7,"loyalty":"Avianca (LifeMiles)","category":"airline","current_price":"12.70","current_bonus":160,"avg_6_entries":"12.2500000000000000","avg_12_entries":"12.3666666666666667","avg_24_entries":"12.6041666666666667","percent_change_6_entries":"3.67346938775510204100","percent_change_12_entries":"2.69541778975741212200","percent_change_24_entries":"0.76033057851239642800","price_status":"Above Average"},{"idx":8,"loyalty":"British Airways (Avios)","category":"airline","current_price":"16.40","current_bonus":40,"avg_6_entries":"14.9000000000000000","avg_12_entries":"13.9750000000000000","avg_24_entries":"14.1086956521739130","percent_change_6_entries":"10.06711409395973154400","percent_change_12_entries":"17.35241502683363148500","percent_change_24_entries":"16.24036979969183394800","price_status":"Above Average"},{"idx":9,"loyalty":"Cathay Pacific (Asia Miles)","category":"airline","current_price":"30.00","current_bonus":0,"avg_6_entries":"30.0000000000000000","avg_12_entries":"30.0000000000000000","avg_24_entries":"30.0000000000000000","percent_change_6_entries":"0.00000000000000000000","percent_change_12_entries":"0.00000000000000000000","percent_change_24_entries":"0.00000000000000000000","price_status":"Average"},{"idx":10,"loyalty":"Choice (Privileges)","category":"airline","current_price":"5.67","current_bonus":45,"avg_6_entries":"6.7066666666666667","avg_12_entries":"6.9783333333333333","avg_24_entries":"7.2058333333333333","percent_change_6_entries":"-15.45725646123260479400","percent_change_12_entries":"-18.74850728445187446300","percent_change_24_entries":"-21.31375043367641920300","price_status":"Below Average"},{"idx":11,"loyalty":"Copa Airlines (ConnectMiles)","category":"airline","current_price":"16.50","current_bonus":45,"avg_6_entries":"17.8500000000000000","avg_12_entries":"18.4750000000000000","avg_24_entries":"18.6437500000000000","percent_change_6_entries":"-7.56302521008403361300","percent_change_12_entries":"-10.69012178619756427600","percent_change_24_entries":"-11.49849145155883338900","price_status":"Below Average"},{"idx":12,"loyalty":"Delta (SkyMiles)","category":"airline","current_price":"35.00","current_bonus":0,"avg_6_entries":"35.0000000000000000","avg_12_entries":"35.0000000000000000","avg_24_entries":"35.0000000000000000","percent_change_6_entries":"0.00000000000000000000","percent_change_12_entries":"0.00000000000000000000","percent_change_24_entries":"0.00000000000000000000","price_status":"Average"},{"idx":13,"loyalty":"Emirates (Skywards)","category":"airline","current_price":"24.00","current_bonus":25,"avg_6_entries":"22.8333333333333333","avg_12_entries":"22.7333333333333333","avg_24_entries":"22.5208333333333333","percent_change_6_entries":"5.10948905109489066400","percent_change_12_entries":"5.57184750733137845400","percent_change_24_entries":"6.56799259944495853000","price_status":"Above Average"},{"idx":14,"loyalty":"Etihad (Guest)","category":"airline","current_price":"15.40","current_bonus":30,"avg_6_entries":"14.8000000000000000","avg_12_entries":"14.7583333333333333","avg_24_entries":"14.4250000000000000","percent_change_6_entries":"4.05405405405405405400","percent_change_12_entries":"4.34782608695652197500","percent_change_24_entries":"6.75909878682842287700","price_status":"Above Average"},{"idx":15,"loyalty":"EVA Air (Infinity MileageLands)","category":"airline","current_price":"28.60","current_bonus":40,"avg_6_entries":"29.6333333333333333","avg_12_entries":"28.4666666666666667","avg_24_entries":"27.9052631578947368","percent_change_6_entries":"-3.48706411698537671900","percent_change_12_entries":"0.46838407494145187300","percent_change_24_entries":"2.48962655601659766500","price_status":"Above Average"},{"idx":16,"loyalty":"Finnair (Avios)","category":"airline","current_price":"17.78","current_bonus":20,"avg_6_entries":"13.0800000000000000","avg_12_entries":"11.0311111111111111","avg_24_entries":"11.0311111111111111","percent_change_6_entries":"35.93272171253822630000","percent_change_12_entries":"61.18049959709911378000","percent_change_24_entries":"61.18049959709911378000","price_status":"Above Average"},{"idx":17,"loyalty":"Hawaiian Airlines (Hawaiian Miles)","category":"airline","current_price":"18.68","current_bonus":40,"avg_6_entries":"15.6900000000000000","avg_12_entries":"15.6900000000000000","avg_24_entries":"15.6900000000000000","percent_change_6_entries":"19.05672402804333970700","percent_change_12_entries":"19.05672402804333970700","percent_change_24_entries":"19.05672402804333970700","price_status":"Above Average"},{"idx":18,"loyalty":"Hilton (Honors)","category":"hotel","current_price":"5.00","current_bonus":100,"avg_6_entries":"5.1000000000000000","avg_12_entries":"5.0500000000000000","avg_24_entries":"5.0250000000000000","percent_change_6_entries":"-1.96078431372549019600","percent_change_12_entries":"-0.99009900990099009900","percent_change_24_entries":"-0.49751243781094527400","price_status":"Below Average"},{"idx":19,"loyalty":"Hyatt (World of Hyatt)","category":"hotel","current_price":"21.70","current_bonus":20,"avg_6_entries":"19.8000000000000000","avg_12_entries":"19.4333333333333333","avg_24_entries":"18.8895833333333333","percent_change_6_entries":"9.59595959595959596000","percent_change_12_entries":"11.66380789022298475400","percent_change_24_entries":"14.87812948053380410700","price_status":"Above Average"},{"idx":20,"loyalty":"Iberia (Avios)","category":"airline","current_price":"18.30","current_bonus":25,"avg_6_entries":"14.8500000000000000","avg_12_entries":"14.2916666666666667","avg_24_entries":"14.2000000000000000","percent_change_6_entries":"23.23232323232323232300","percent_change_12_entries":"28.04664723032069941000","percent_change_24_entries":"28.87323943661971831000","price_status":"Above Average"},{"idx":21,"loyalty":"IHG (One Rewards)","category":"hotel","current_price":"5.00","current_bonus":100,"avg_6_entries":"5.2000000000000000","avg_12_entries":"5.3250000000000000","avg_24_entries":"5.2791666666666667","percent_change_6_entries":"-3.84615384615384615400","percent_change_12_entries":"-6.10328638497652582200","percent_change_24_entries":"-5.28808208366219475700","price_status":"Below Average"},{"idx":22,"loyalty":"JetBlue (TrueBlue)","category":"airline","current_price":"13.64","current_bonus":120,"avg_6_entries":"13.5683333333333333","avg_12_entries":"15.8591666666666667","avg_24_entries":"17.2629166666666667","percent_change_6_entries":"0.52819063997051983900","percent_change_12_entries":"-13.99295885660238576200","percent_change_24_entries":"-20.98670077960947132100","price_status":"Below Average"},{"idx":23,"loyalty":"Lufthansa (Miles & More) US","category":"airline","current_price":"14.10","current_bonus":50,"avg_6_entries":"14.6383333333333333","avg_12_entries":"14.0691666666666667","avg_24_entries":"13.8595833333333333","percent_change_6_entries":"-3.67755892064214938800","percent_change_12_entries":"0.21915536338328472400","percent_change_24_entries":"1.73466013288037784100","price_status":"Above Average"},{"idx":24,"loyalty":"Marriott (Bonvoy)","category":"hotel","current_price":"8.90","current_bonus":40,"avg_6_entries":"8.7000000000000000","avg_12_entries":"8.7583333333333333","avg_24_entries":"8.8083333333333333","percent_change_6_entries":"2.29885057471264367800","percent_change_12_entries":"1.61750713606089477300","percent_change_24_entries":"1.04068117313150464000","price_status":"Above Average"},{"idx":25,"loyalty":"Qatar Airways (Avios)","category":"airline","current_price":"15.30","current_bonus":50,"avg_6_entries":"14.8833333333333333","avg_12_entries":"15.5166666666666667","avg_24_entries":"15.2736842105263158","percent_change_6_entries":"2.79955207166853326500","percent_change_12_entries":"-1.39634801288936648500","percent_change_24_entries":"0.17229496898690551300","price_status":"Below Average"},{"idx":26,"loyalty":"Radisson (Rewards)","category":"hotel","current_price":"3.54","current_bonus":40,"avg_6_entries":"4.0233333333333333","avg_12_entries":"3.9366666666666667","avg_24_entries":"3.9366666666666667","percent_change_6_entries":"-12.01325600662800258500","percent_change_12_entries":"-10.07620660457239703600","percent_change_24_entries":"-10.07620660457239703600","price_status":"Below Average"},{"idx":27,"loyalty":"Southwest Airlines (Rapid Rewards)","category":"airline","current_price":"15.00","current_bonus":50,"avg_6_entries":"15.2500000000000000","avg_12_entries":"15.5000000000000000","avg_24_entries":"15.3125000000000000","percent_change_6_entries":"-1.63934426229508196700","percent_change_12_entries":"-3.22580645161290322600","percent_change_24_entries":"-2.04081632653061224500","price_status":"Below Average"},{"idx":28,"loyalty":"TAP Air Portugal (Miles&Go)","category":"airline","current_price":"18.30","current_bonus":100,"avg_6_entries":"23.0166666666666667","avg_12_entries":"20.8416666666666667","avg_24_entries":"20.8416666666666667","percent_change_6_entries":"-20.49239681390296897800","percent_change_12_entries":"-12.19512195121951233600","percent_change_24_entries":"-12.19512195121951233600","price_status":"Below Average"},{"idx":29,"loyalty":"Turkish Airlines (Miles & Smiles)","category":"airline","current_price":"15.00","current_bonus":100,"avg_6_entries":"15.0000000000000000","avg_12_entries":"15.0000000000000000","avg_24_entries":"15.0000000000000000","percent_change_6_entries":"0.00000000000000000000","percent_change_12_entries":"0.00000000000000000000","percent_change_24_entries":"0.00000000000000000000","price_status":"Average"},{"idx":30,"loyalty":"United Airlines (MileagePlus)","category":"airline","current_price":"18.81","current_bonus":100,"avg_6_entries":"20.8516666666666667","avg_12_entries":"20.0758333333333333","avg_24_entries":"19.5420833333333333","percent_change_6_entries":"-9.79138358244744639200","percent_change_12_entries":"-6.30525922543688498800","percent_change_24_entries":"-3.74618878062301427000","price_status":"Below Average"},{"idx":31,"loyalty":"Virgin Atlantic (Flying Club)","category":"airline","current_price":"14.80","current_bonus":70,"avg_6_entries":"14.9500000000000000","avg_12_entries":"15.1916666666666667","avg_24_entries":"15.4944444444444444","percent_change_6_entries":"-1.00334448160535117100","percent_change_12_entries":"-2.57816785518376324200","percent_change_24_entries":"-4.48189315166726397800","price_status":"Below Average"},{"idx":32,"loyalty":"Virgin Australia (Velocity)","category":"airline","current_price":"11.00","current_bonus":40,"avg_6_entries":"9.9000000000000000","avg_12_entries":"11.1200000000000000","avg_24_entries":"11.1200000000000000","percent_change_6_entries":"11.11111111111111111100","percent_change_12_entries":"-1.07913669064748201400","percent_change_24_entries":"-1.07913669064748201400","price_status":"Below Average"},{"idx":33,"loyalty":"Wyndham (Rewards)","category":"hotel","current_price":"8.10","current_bonus":60,"avg_6_entries":"7.8866666666666667","avg_12_entries":"8.6808333333333333","avg_24_entries":"8.9995833333333333","percent_change_6_entries":"2.70498732037193532200","percent_change_12_entries":"-6.69098588845156919100","percent_change_24_entries":"-9.99583314042316740600","price_status":"Below Average"}]